ticker,as_of_date,close,volume,adv_20
AKRO,2024-01-15,22.440001,563635,1204580.700000
ALNY,2024-01-15,193.389999,386600,584025.000000
AMGN,2024-01-15,306.510010,1567900,2608075.000000
ARWR,2024-01-15,36.430000,1495100,2108680.000000
BIIB,2024-01-15,248.119995,769600,1124185.000000
BMRN,2024-01-15,93.330002,1746500,1326595.000000
CRSP,2024-01-15,64.250000,2097800,2418025.000000
EDIT,2024-01-15,9.070000,1260000,1929115.000000
GILD,2024-01-15,86.379997,5884200,6605310.000000
ILMN,2024-01-15,134.280151,1608512,2441885.650000
INCY,2024-01-15,62.740002,1125200,2028205.000000
IONS,2024-01-15,53.540001,860400,1218790.000000
KYMR,2024-01-15,28.120001,516100,1238175.000000
MRNA,2024-01-15,105.949997,3872900,7169125.000000
NBIX,2024-01-15,132.029999,573200,797985.000000
NTRA,2024-01-15,60.889999,1274700,1463730.000000
RARE,2024-01-15,45.700001,921000,878510.000000
SRPT,2024-01-15,116.800003,987500,1522215.000000
TWST,2024-01-15,36.119999,896500,1512505.000000
UTHR,2024-01-15,219.050003,223200,439545.000000
VRTX,2024-01-15,433.399994,1183600,1342245.000000
