ticker,snapshot_date,source,in_xbi,in_ibb,in_nbi,market_cap,avg_volume,universe_hash
AKRO,2026-01-02,XBI_IBB_NBI_v2_local,False,False,True,5000,2000,20253a0a69fb4f217a8580e0c03ea1efd1ca7ba5847de0d50822ccdac9250fae
ALNY,2026-01-02,XBI_IBB_NBI_v2_local,True,True,True,5000,2000,20253a0a69fb4f217a8580e0c03ea1efd1ca7ba5847de0d50822ccdac9250fae
AMGN,2026-01-02,XBI_IBB_NBI_v2_local,True,True,True,5000,2000,20253a0a69fb4f217a8580e0c03ea1efd1ca7ba5847de0d50822ccdac9250fae
ARWR,2026-01-02,XBI_IBB_NBI_v2_local,False,True,False,5000,2000,20253a0a69fb4f217a8580e0c03ea1efd1ca7ba5847de0d50822ccdac9250fae
BEAM,2026-01-02,XBI_IBB_NBI_v2_local,False,False,False,5000,2000,20253a0a69fb4f217a8580e0c03ea1efd1ca7ba5847de0d50822ccdac9250fae
BIIB,2026-01-02,XBI_IBB_NBI_v2_local,True,True,True,5000,2000,20253a0a69fb4f217a8580e0c03ea1efd1ca7ba5847de0d50822ccdac9250fae
BLUE,2026-01-02,XBI_IBB_NBI_v2_local,False,True,False,5000,2000,20253a0a69fb4f217a8580e0c03ea1efd1ca7ba5847de0d50822ccdac9250fae
BMRN,2026-01-02,XBI_IBB_NBI_v2_local,True,True,True,5000,2000,20253a0a69fb4f217a8580e0c03ea1efd1ca7ba5847de0d50822ccdac9250fae
CRSP,2026-01-02,XBI_IBB_NBI_v2_local,True,False,True,5000,2000,20253a0a69fb4f217a8580e0c03ea1efd1ca7ba5847de0d50822ccdac9250fae
EDIT,2026-01-02,XBI_IBB_NBI_v2_local,True,False,True,5000,2000,20253a0a69fb4f217a8580e0c03ea1efd1ca7ba5847de0d50822ccdac9250fae
EXAS,2026-01-02,XBI_IBB_NBI_v2_local,False,False,False,5000,2000,20253a0a69fb4f217a8580e0c03ea1efd1ca7ba5847de0d50822ccdac9250fae
EXEL,2026-01-02,XBI_IBB_NBI_v2_local,False,False,False,5000,2000,20253a0a69fb4f217a8580e0c03ea1efd1ca7ba5847de0d50822ccdac9250fae
GILD,2026-01-02,XBI_IBB_NBI_v2_local,True,True,True,5000,2000,20253a0a69fb4f217a8580e0c03ea1efd1ca7ba5847de0d50822ccdac9250fae
ILMN,2026-01-02,XBI_IBB_NBI_v2_local,False,False,False,5000,2000,20253a0a69fb4f217a8580e0c03ea1efd1ca7ba5847de0d50822ccdac9250fae
INCY,2026-01-02,XBI_IBB_NBI_v2_local,False,False,False,5000,2000,20253a0a69fb4f217a8580e0c03ea1efd1ca7ba5847de0d50822ccdac9250fae
IONS,2026-01-02,XBI_IBB_NBI_v2_local,True,True,True,5000,2000,20253a0a69fb4f217a8580e0c03ea1efd1ca7ba5847de0d50822ccdac9250fae
KYMR,2026-01-02,XBI_IBB_NBI_v2_local,False,False,False,5000,2000,20253a0a69fb4f217a8580e0c03ea1efd1ca7ba5847de0d50822ccdac9250fae
MRNA,2026-01-02,XBI_IBB_NBI_v2_local,False,True,False,5000,2000,20253a0a69fb4f217a8580e0c03ea1efd1ca7ba5847de0d50822ccdac9250fae
NBIX,2026-01-02,XBI_IBB_NBI_v2_local,True,True,True,5000,2000,20253a0a69fb4f217a8580e0c03ea1efd1ca7ba5847de0d50822ccdac9250fae
NTRA,2026-01-02,XBI_IBB_NBI_v2_local,False,False,False,5000,2000,20253a0a69fb4f217a8580e0c03ea1efd1ca7ba5847de0d50822ccdac9250fae
RARE,2026-01-02,XBI_IBB_NBI_v2_local,False,False,False,5000,2000,20253a0a69fb4f217a8580e0c03ea1efd1ca7ba5847de0d50822ccdac9250fae
REGN,2026-01-02,XBI_IBB_NBI_v2_local,True,True,True,5000,2000,20253a0a69fb4f217a8580e0c03ea1efd1ca7ba5847de0d50822ccdac9250fae
SGEN,2026-01-02,XBI_IBB_NBI_v2_local,True,True,True,5000,2000,20253a0a69fb4f217a8580e0c03ea1efd1ca7ba5847de0d50822ccdac9250fae
SRPT,2026-01-02,XBI_IBB_NBI_v2_local,True,True,True,5000,2000,20253a0a69fb4f217a8580e0c03ea1efd1ca7ba5847de0d50822ccdac9250fae
TWST,2026-01-02,XBI_IBB_NBI_v2_local,False,False,False,5000,2000,20253a0a69fb4f217a8580e0c03ea1efd1ca7ba5847de0d50822ccdac9250fae
UTHR,2026-01-02,XBI_IBB_NBI_v2_local,False,False,False,5000,2000,20253a0a69fb4f217a8580e0c03ea1efd1ca7ba5847de0d50822ccdac9250fae
VERV,2026-01-02,XBI_IBB_NBI_v2_local,False,False,False,5000,2000,20253a0a69fb4f217a8580e0c03ea1efd1ca7ba5847de0d50822ccdac9250fae
VRTX,2026-01-02,XBI_IBB_NBI_v2_local,True,True,True,5000,2000,20253a0a69fb4f217a8580e0c03ea1efd1ca7ba5847de0d50822ccdac9250fae
