ticker,snapshot_date,source,market_cap,avg_volume,universe_hash
AKRO,2024-01-15,XBI_IBB_NBI_v1,5000,2000,0b5bac834d042351f441325f8c498325d9e6fd87bc99314e754507e9ede714bc
ALNY,2024-01-15,XBI_IBB_NBI_v1,5000,2000,0b5bac834d042351f441325f8c498325d9e6fd87bc99314e754507e9ede714bc
AMGN,2024-01-15,XBI_IBB_NBI_v1,5000,2000,0b5bac834d042351f441325f8c498325d9e6fd87bc99314e754507e9ede714bc
ARWR,2024-01-15,XBI_IBB_NBI_v1,5000,2000,0b5bac834d042351f441325f8c498325d9e6fd87bc99314e754507e9ede714bc
BEAM,2024-01-15,XBI_IBB_NBI_v1,5000,2000,0b5bac834d042351f441325f8c498325d9e6fd87bc99314e754507e9ede714bc
BIIB,2024-01-15,XBI_IBB_NBI_v1,5000,2000,0b5bac834d042351f441325f8c498325d9e6fd87bc99314e754507e9ede714bc
BLUE,2024-01-15,XBI_IBB_NBI_v1,5000,2000,0b5bac834d042351f441325f8c498325d9e6fd87bc99314e754507e9ede714bc
BMRN,2024-01-15,XBI_IBB_NBI_v1,5000,2000,0b5bac834d042351f441325f8c498325d9e6fd87bc99314e754507e9ede714bc
CRSP,2024-01-15,XBI_IBB_NBI_v1,5000,2000,0b5bac834d042351f441325f8c498325d9e6fd87bc99314e754507e9ede714bc
EDIT,2024-01-15,XBI_IBB_NBI_v1,5000,2000,0b5bac834d042351f441325f8c498325d9e6fd87bc99314e754507e9ede714bc
EXAS,2024-01-15,XBI_IBB_NBI_v1,5000,2000,0b5bac834d042351f441325f8c498325d9e6fd87bc99314e754507e9ede714bc
EXEL,2024-01-15,XBI_IBB_NBI_v1,5000,2000,0b5bac834d042351f441325f8c498325d9e6fd87bc99314e754507e9ede714bc
GILD,2024-01-15,XBI_IBB_NBI_v1,5000,2000,0b5bac834d042351f441325f8c498325d9e6fd87bc99314e754507e9ede714bc
ILMN,2024-01-15,XBI_IBB_NBI_v1,5000,2000,0b5bac834d042351f441325f8c498325d9e6fd87bc99314e754507e9ede714bc
INCY,2024-01-15,XBI_IBB_NBI_v1,5000,2000,0b5bac834d042351f441325f8c498325d9e6fd87bc99314e754507e9ede714bc
IONS,2024-01-15,XBI_IBB_NBI_v1,5000,2000,0b5bac834d042351f441325f8c498325d9e6fd87bc99314e754507e9ede714bc
KYMR,2024-01-15,XBI_IBB_NBI_v1,5000,2000,0b5bac834d042351f441325f8c498325d9e6fd87bc99314e754507e9ede714bc
MRNA,2024-01-15,XBI_IBB_NBI_v1,5000,2000,0b5bac834d042351f441325f8c498325d9e6fd87bc99314e754507e9ede714bc
NBIX,2024-01-15,XBI_IBB_NBI_v1,5000,2000,0b5bac834d042351f441325f8c498325d9e6fd87bc99314e754507e9ede714bc
NTRA,2024-01-15,XBI_IBB_NBI_v1,5000,2000,0b5bac834d042351f441325f8c498325d9e6fd87bc99314e754507e9ede714bc
RARE,2024-01-15,XBI_IBB_NBI_v1,5000,2000,0b5bac834d042351f441325f8c498325d9e6fd87bc99314e754507e9ede714bc
REGN,2024-01-15,XBI_IBB_NBI_v1,5000,2000,0b5bac834d042351f441325f8c498325d9e6fd87bc99314e754507e9ede714bc
SGEN,2024-01-15,XBI_IBB_NBI_v1,5000,2000,0b5bac834d042351f441325f8c498325d9e6fd87bc99314e754507e9ede714bc
SRPT,2024-01-15,XBI_IBB_NBI_v1,5000,2000,0b5bac834d042351f441325f8c498325d9e6fd87bc99314e754507e9ede714bc
TWST,2024-01-15,XBI_IBB_NBI_v1,5000,2000,0b5bac834d042351f441325f8c498325d9e6fd87bc99314e754507e9ede714bc
UTHR,2024-01-15,XBI_IBB_NBI_v1,5000,2000,0b5bac834d042351f441325f8c498325d9e6fd87bc99314e754507e9ede714bc
VERV,2024-01-15,XBI_IBB_NBI_v1,5000,2000,0b5bac834d042351f441325f8c498325d9e6fd87bc99314e754507e9ede714bc
VRTX,2024-01-15,XBI_IBB_NBI_v1,5000,2000,0b5bac834d042351f441325f8c498325d9e6fd87bc99314e754507e9ede714bc
